{"cameraMode":{"drawMode":0,"name":"Shaded","section":"Shading Mode"},"sceneLighting":true,"audioPlay":false,"sceneViewState":{"m_AlwaysRefresh":false,"showFog":true,"showSkybox":true,"showFlares":true,"showImageEffects":true,"showParticleSystems":true,"showVisualEffectGraphs":true,"m_FxEnabled":true},"in2DMode":false,"pivot":{"x":0.6497708559036255,"y":-0.7696268558502197,"z":6.660498142242432},"rotation":{"x":-0.14231377840042115,"y":0.01246864628046751,"z":-0.001792719354853034,"w":-0.9897438883781433},"size":6.0139079093933109,"orthographic":false}